{"cameraMode":{"drawMode":0,"name":"Shaded","section":"Shading Mode"},"sceneLighting":false,"audioPlay":false,"sceneViewState":{"showFog":true,"showMaterialUpdate":false,"showSkybox":false,"showFlares":true,"showImageEffects":true,"showParticleSystems":true},"in2DMode":false,"pivot":{"x":0.01976686716079712,"y":-1.659395694732666,"z":-8.102059364318848},"rotation":{"x":0.00327002233825624,"y":0.9967421293258667,"z":-0.05568525567650795,"w":0.05836094543337822},"size":4.370158672332764,"orthographic":false}